Year,Month,Total_Orders,Total_Revenue,Average_Order_Value,Unique_Customers
2023,3,5,3279.95,655.990000,4
2023,4,6,2919.94,486.656667,6
2023,5,9,3954.91,439.434444,9
